{
  "fps_per_loop": [
    4501.879675448239,
    4553.4113731125035,
    4522.384382665498
  ],
  "fps_mean": 4525.891810408747,
  "fps_last": 4522.384382665498,
  "n_steps": 2000
}