{
  "fps_per_loop": [
    810.8081537705768,
    746.2020762792947,
    743.1147860614328
  ],
  "fps_mean": 766.7083387037682,
  "fps_last": 743.1147860614328,
  "n_steps": 2000
}