{
  "fps_per_loop": [
    4432.994590780208,
    4526.506230311466,
    4037.1963696270627
  ],
  "fps_mean": 4332.232396906246,
  "fps_last": 4037.1963696270627,
  "n_steps": 2000
}