{
  "fps_per_loop": [
    725.0662846534103,
    781.9860394722405,
    734.0550063487723
  ],
  "fps_mean": 747.0357768248077,
  "fps_last": 734.0550063487723,
  "n_steps": 2000
}