{
  "fps_per_loop": [
    4942.82388471358,
    5000.710525955071,
    4956.319338133111
  ],
  "fps_mean": 4966.617916267253,
  "fps_last": 4956.319338133111,
  "n_steps": 2000
}