{
  "fps_per_loop": [
    3626.133548837835,
    3735.509721984378,
    3888.2825123111784
  ],
  "fps_mean": 3749.9752610444634,
  "fps_last": 3888.2825123111784,
  "n_steps": 2000
}