{
  "fps_per_loop": [
    12939.94812698297,
    12934.428320644845,
    12728.412070579741
  ],
  "fps_mean": 12867.596172735852,
  "fps_last": 12728.412070579741,
  "n_steps": 2000
}