{
  "fps_per_loop": [
    3160.5999608875736,
    3002.649461317099,
    3265.2470334724712
  ],
  "fps_mean": 3142.8321518923817,
  "fps_last": 3265.2470334724712,
  "n_steps": 2000
}