{
  "fps_per_loop": [
    2433.6029461197263,
    2494.0796783634855,
    2539.11063523946
  ],
  "fps_mean": 2488.931086574224,
  "fps_last": 2539.11063523946,
  "n_steps": 2000
}